Iteration,Best Fitness,Average Fitness,Median Fitness,Worst Fitness,Fitness Diversity,Average Links,Median Links,Max Links,Best Distance,Average Distance,Median Distance,Best Energy Efficiency,Average Energy Efficiency,Median Energy Efficiency,Average Gene Count,Median Gene Count,Max Gene Count,Timestamp
0,-0.0549155301234769,-110.550536764194,-132.511976879591,-132.641141982314,49.2725273321639,13.475,12,45,136.809453737249,114.131137553216,136.679091408611,10.3436162348706,1.27192123993476,1.04625866445931,5,5,5,1720390137.16159
1,0.34215254211797,-110.530393233553,-132.519361785899,-132.626149003617,49.2919838214874,15.025,11,52,136.788155260327,114.150547198758,136.683722788887,15.1361553104786,1.59238202984386,1.26160634849706,4.79166666666667,5,6,1720390159.42052
2,0.486326234125842,-110.531965277945,-132.522624854481,-132.570910251877,49.370683235262,20.8333333333333,17,70,136.737675432308,114.139718594524,136.689133269812,10.1689566737475,1.48241223012743,1.31272794914982,4.69166666666667,5,6,1720390184.87327
3,0.405008907813851,-110.530221117031,-132.525769005049,-132.663694402556,49.3856203532182,12.575,9,52,136.83040988715,114.195125265726,136.693392561078,15.1361552988337,2.34251776263263,1.29102009275366,4.68333333333333,5,6,1720390202.24438
4,0.405008907813851,-110.564934807312,-132.51768619578,-132.594872037761,49.2865233198578,18.875,18.5,59,136.765307895844,114.170816566696,136.685075145837,19.944709789094,2.47566390809778,1.32468634339644,4.66666666666667,5,6,1720390222.39734
5,0.842734486228693,-110.510062653112,-132.501637705313,-132.612512592845,49.3514307928084,13.4083333333333,14,53,136.781874549348,114.158322425569,136.669294112654,9.72443238676641,1.31518155023815,0.986292736348543,5.59166666666667,6,7,1720390240.33322
6,0.842734486228693,-110.512284339983,-132.505195803915,-132.579916584953,49.3539543453806,12.5333333333333,12,34,136.750335669455,114.131344010242,136.673886467015,8.50253640864442,1.26221339740183,1.0053475570991,5.53333333333333,6,7,1720390254.45544
7,-0.0113559755700843,-110.586762639744,-132.526131830892,-132.538974591282,49.2553184189796,3.70833333333333,3,11,136.705595921099,114.182288677931,136.692823726297,9.72450203710099,4.05603657573501,4.4802897561372,3.025,3,4,1720390260.68531
8,1.02122186205381,-110.545204648073,-132.526255000057,-132.539081202735,49.3390374397328,3.775,3,14,136.705870148671,114.169742474825,136.692882033297,9.72449697779199,3.98511822932653,4.4802912120123,3.05833333333333,3,4,1720390266.95372
9,1.02122186205381,-110.555992478705,-132.525990408102,-132.530209961838,49.3212011809153,3.60833333333333,3,13,136.696911371498,114.170203486895,136.693090410222,9.72450203710099,4.30206876218083,4.53620179507984,2.95833333333333,3,4,1720390272.9347
10,1.02122186205381,-110.555015802041,-132.52475726115,-132.530797011091,49.3252456620862,3.775,3,11,136.695441974904,114.173540362186,136.6915068727,8.73026464427264,3.60493843389274,4.30739072531494,3.03333333333333,3,4,1720390278.81544
11,1.02122186205381,-110.533944120953,-132.525208625995,-132.527987885462,49.3613986323477,3.475,3,11,136.694350177898,114.145951903165,136.691496242334,82.3841198250237,4.60825929856387,4.3062068567809,2.85,3,4,1720390284.60625
12,1.02122186205381,-110.539682528208,-132.524184801202,-132.530565847253,49.3511885930124,3.61666666666667,3,14,136.69763157908,114.172754484658,136.691294017454,9.83572534008738,3.88556464253212,4.30743272749076,2.975,3,4,1720390290.30972
13,1.02122186205381,-110.555701362859,-132.523716171365,-132.527525857894,49.3151712046511,3.51666666666667,3,8,136.694520127876,114.164333569494,136.690291126711,27.5974272463433,4.01908292241215,4.33163487702756,2.975,3,4,1720390296.46159
14,1.02122186205381,-110.559235296816,-132.524945034948,-132.5357290742,49.3093510071423,3.775,3,14,136.69982705915,114.172062496634,136.691234546982,9.72432062500981,3.76129349625016,4.25526311344343,2.96666666666667,3,4,1720390302.84555
15,1.19012475685744,-110.563092252661,-132.525281053278,-132.530488479198,49.3030142402741,3.43333333333333,3,6,136.696180785278,114.230916979968,136.691176551543,9.72429625374221,3.83844466380595,4.30743090106205,2.99166666666667,3,4,1720390309.07936
16,1.02122186205381,-110.576063301074,-132.524005002311,-132.529072016693,49.2724825380937,3.60833333333333,3,7,136.696128852956,114.170402491104,136.690388613573,9.72204430212411,3.55462070111793,4.20448241087349,2.93333333333333,3,4,1720390315.08312
17,1.02122186205381,-110.562077984365,-132.524250463454,-132.527532507435,49.2973970349431,3.71666666666667,3,11,136.694542933561,114.159531270678,136.690623675675,9.72426936579052,3.73830681022918,4.30542218795569,3.025,3,4,1720390321.51569
18,1.02122186205381,-110.55570208625,-132.525082590892,-132.531504591999,49.31819065114,3.59166666666667,3,14,136.700217089708,114.190190518392,136.690874163591,8.7280047445066,3.54305305048514,4.25126974982708,2.98333333333333,3,4,1720390327.56046
19,1.02122186205381,-110.529025182628,-132.524938308275,-132.527656932653,49.3746115808243,3.65833333333333,3,8,136.694350187729,114.165971157672,136.690514986805,9.72138662690718,3.75850940391257,4.23829529511388,3.00833333333333,3,4,1720390333.42285
20,1.02122186205381,-110.560093642182,-132.524121878329,-132.53776046249,49.3089227532107,3.68333333333333,3,8,136.705814058248,114.177277792979,136.690527069276,9.72429914819913,3.71265960896019,4.25126698856034,3,3,4,1720390339.78342
21,1.02122186205381,-110.539764903072,-132.525527369708,-132.531383014955,49.3557105443268,3.65,3,11,136.697779271777,114.17161216344,136.691865875831,9.72338574606673,3.65588193346947,4.30717108959478,2.94166666666667,3,4,1720390346.04952
22,1.02122186205381,-110.571821031939,-132.525092625171,-132.527986545353,49.2855761511551,3.53333333333333,3,8,136.694387750773,114.19599016552,136.691163890036,8.73031534355717,3.56815691798955,4.28314934925427,2.95,3,4,1720390352.32767
23,1.02122186205381,-110.525498115023,-132.524337035,-132.528904624975,49.3860603427688,3.725,3,14,136.696180785278,114.166941623828,136.690439326791,9.83576952260386,4.0378508243153,4.48237340782155,2.95833333333333,3,4,1720390358.75526
24,0.0815136401019884,-110.553273638793,-132.524709845546,-132.544611397053,49.3244222931339,3.81666666666667,3,14,136.712219611872,114.168214382264,136.69118560032,9.72422412340653,3.84593697563893,4.25890975954925,3,3,4,1720390365.25381
25,1.22837862697785,-110.579572401719,-132.524256225878,-132.570905529464,49.2632697344922,3.56666666666667,3,8,136.734227232064,114.167263802088,136.690698275036,9.83568596241055,3.87162765896987,4.28302429991224,2.95833333333333,3,4,1720390371.41721
26,-0.194038344484668,-110.531977785832,-132.526622677803,-132.527458079521,49.3810615614621,4.29166666666667,4,13,136.694350191076,114.140425031931,136.693845074299,8.73006159425024,3.48133991642336,4.5252393044483,2.15,2,3,1720390378.16331
27,1.19012475685744,-110.518571827192,-132.523928959952,-132.539647640729,49.4020577237014,3.925,3,14,136.705791293446,114.19013898712,136.690277526043,8.73031328857337,3.44189591753376,4.04798025803554,3.08333333333333,3,4,1720390384.54707
28,1.19012475685744,-110.530120911347,-132.52062109533,-132.530160150874,49.3550759222276,6.825,5,31,136.696953697017,114.183388455981,136.687488745641,8.63795849616147,2.08668050989761,2.62223311287225,2.99166666666667,3,4,1720390392.23757
29,1.19012475685744,-110.562459231679,-132.524455867299,-132.537018803494,49.3025570579395,3.55,3,7,136.698997211686,114.157975907754,136.691049677505,9.83562123853103,3.73038087802904,4.30660949210746,2.94166666666667,3,4,1720390398.3212
30,1.19012475685744,-110.556908949733,-132.524801404866,-132.529111843287,49.3081517485715,3.81666666666667,3,10,136.694443380132,114.15930242194,136.691131303151,9.72450788752987,3.53486522376019,4.04779802984589,2.96666666666667,3,4,1720390404.7802
31,1.19012475685744,-110.536831296058,-132.525194841163,-132.536604906478,49.3487492739912,3.74166666666667,3,11,136.700381396428,114.17265584618,136.69151324547,9.72383308682903,3.72386466115916,4.20448264037841,3,3,4,1720390410.85327
32,1.19012475685744,-110.57128385043,-132.524752785832,-132.532814090438,49.2849134585672,3.56666666666667,3,14,136.698923301198,114.175897303423,136.691228162084,8.73026015695515,3.7099422319712,4.28226796737886,2.96666666666667,3,4,1720390417.30371
33,1.19012475685744,-110.533879089917,-132.522887114156,-132.530985835342,49.360045275734,3.74166666666667,3,11,136.696814059466,114.151428827261,136.689917589118,9.72427594657576,3.662635898049,4.25899137955969,3.04166666666667,3,4,1720390423.18744
34,-0.0898514136711173,-110.588145862542,-132.525591681428,-132.529144818089,49.2457401745545,3.56666666666667,3,11,136.694361936267,114.204454232818,136.692103473286,9.83576471803421,3.94711683120848,4.3073088145628,2.90833333333333,3,4,1720390429.61449
35,0.386827447861347,-110.566945021166,-132.525295706293,-132.549096651419,49.2934108285695,3.7,3,14,136.71655671834,114.1823424775,136.691878775554,9.72338574606673,3.70733713758991,4.30728420562385,2.98333333333333,3,4,1720390436.04249
36,1.12688880985421,-110.526999536637,-132.52475702477,-132.527400953387,49.3820522911925,5.91666666666667,5,40,136.696934896627,114.195529318069,136.691278855359,8.53984440268227,2.45450290948249,2.6966584671628,2.88333333333333,3,4,1720390443.67453
37,1.12688880985421,-110.52005939458,-132.51670250559,-132.5275714623,49.3739162933529,5.63333333333333,5,16,136.694350191076,114.183880655685,136.683093646272,9.72441457275981,2.46399514917445,2.67938449277316,3.06666666666667,3,4,1720390451.86754
38,1.12688880985421,-110.48624255359,-132.522239826216,-132.558623281885,49.4457143139986,6.86666666666667,5,22,136.724566857601,114.172877087902,136.690492441575,34.6396544095814,2.3667608516426,2.67914516084878,2.94166666666667,3,4,1720390461.36347
39,1.29080501591676,-110.470596792809,-132.522932448489,-132.674590426268,49.4871431303631,6.875,5,22,136.863423362787,114.22706497529,136.691265733557,3.99095246044518,2.02264263170873,2.67941213168768,2.99166666666667,3,4,1720390469.94752
40,1.3089868935817,-110.443582800101,-132.522046977878,-132.55956859077,49.5276060792959,6.65,5,15,136.725456387089,114.191668747699,136.68982559672,28.9513846481011,2.47715497360849,2.46523797397183,2.91666666666667,3,4,1720390478.2437
41,1.3089868935817,-110.481227834829,-132.519644636284,-132.559807211366,49.4452150794151,6.65833333333333,5,31,136.727290306015,114.174742069899,136.687103271835,16.3259371245581,2.45863024581965,2.49790442630975,2.96666666666667,3,4,1720390488.08268
42,0.881888656448853,-110.537492700802,-132.521983122165,-132.57166203754,49.3387935206078,8.45833333333333,8,21,136.738073668969,114.156497238778,136.688567639978,12.9829059908269,2.31207151500922,1.76570413121283,3.75833333333333,4,5,1720390497.84448
43,1.34966224912662,-110.547683345827,-132.523151796151,-132.587102905402,49.323577405606,8.40833333333333,8,24,136.753619382854,114.167308913694,136.689912365329,12.9828630770634,2.21393743193251,1.91421739251559,3.78333333333333,4,5,1720390507.27392
44,1.34966224912662,-110.514712151871,-132.521453011641,-132.536502313732,49.3833978892723,10.7416666666667,9.5,25,136.698844166882,114.175062620247,136.68768404718,8.65526893815563,1.68100834373255,1.47444135781042,3.93333333333333,4,5,1720390517.80906
45,1.34966224912662,-110.542039003896,-132.521164399606,-132.656763778642,49.328598286248,8.96666666666667,8,22,136.839050172257,114.183032042298,136.68812243138,12.9829017496107,1.85671776365643,1.38299751858613,3.83333333333333,4,5,1720390527.21309
46,1.38759283632103,-110.485946716193,-132.511628857815,-132.552737412324,49.4408109355337,8.99166666666667,8,24,136.72072348088,114.156454148009,136.678383885679,12.9828782635732,1.90501843529471,1.53283528287114,3.93333333333333,4,5,1720390536.56866
47,1.48102291025627,-110.515677985898,-132.514836943319,-132.547664988956,49.378843502012,8.99166666666667,8,25,136.71399225528,114.171067979328,136.680208588579,12.9828768118538,2.13697747654789,1.79356992968009,3.83333333333333,4,5,1720390546.76066
48,1.45366753279121,-110.499408586654,-132.523233538456,-132.596859353723,49.434446634753,10.85,10,22,136.773203618192,114.164591674332,136.688826851445,11.176616729162,1.41895554083553,1.21548798628891,4.69166666666667,5,6,1720390558.25572
49,1.45366753279121,-110.517972195065,-132.522968365585,-132.641283445557,49.3882767932216,9.225,8,22,136.809131092149,114.147399844409,136.690323486852,12.9413908560656,2.11239572828886,1.56072059552039,3.90833333333333,4,5,1720390567.54413
50,1.18081578723471,-110.520287896399,-132.522802264246,-132.631505367044,49.3826440031788,10.9416666666667,10,45,136.810613721865,114.161093171735,136.688899556492,9.77540496842945,1.42828580180278,1.12817386597821,4.8,5,6,1720390579.66602
51,1.43806458323987,-110.527721503128,-132.524300987441,-132.578003734965,49.369798829112,11.525,10,45,136.743772929345,114.15663410695,136.690682308595,9.77540481330906,1.35641803376678,1.13834564840663,4.775,5,6,1720390592.65596
52,1.38101217840541,-110.529552092654,-132.523719412326,-132.579403219859,49.3969994103191,11.1166666666667,11,24,136.748003367173,114.158114807178,136.690321818897,52.8783507681862,2.73567463295048,1.39308750282156,5.54166666666667,6,7,1720390601.36089
53,1.83495106339278,-110.489944976511,-132.525758244428,-132.589333208088,49.4672448729171,10.875,10,45,136.755801634184,114.183351073204,136.692202241622,9.86192674913104,1.58780643288393,1.16123362692325,4.74166666666667,5,6,1720390613.9386
54,0.462983092626534,-110.526610529532,-132.525495131687,-132.578572461357,49.3854013218257,10.95,10,28,136.751757361603,114.144752739138,136.692160468102,9.77868977652087,1.56166030584893,1.16301878653835,4.7,5,6,1720390627.4324
55,0.49917626051894,-110.480591353394,-132.504763940714,-132.553307359443,49.405240435786,16,16,35,136.720218264146,114.150682438797,136.670745368748,3.2199941187675,0.683070028383721,0.52277317680511,5.25,6,7,1720390642.90749
56,0.51891423669038,-110.538014762286,-132.523425300222,-132.530212497532,49.366545300162,11.65,11,43,136.696187325165,114.138691971426,136.690195987501,9.96486669700879,1.62635427690059,1.21642211456542,3.88333333333333,4,6,1720390656.98475
57,0.514335238094461,-110.492396190073,-132.516643353119,-132.531792293894,49.3773491409021,16.8,16,52,136.699059842282,114.123438474864,136.684029691388,2.88070085320789,0.54920341617563,0.504933498768653,5.6,6,7,1720390676.01655
58,0.51891423669038,-110.553196309984,-132.52304962535,-132.527852513496,49.3328990709054,10.7666666666667,11,23,136.695299161328,114.138175228943,136.690543614735,9.93301371061534,1.53319531134642,1.15481581568695,3.85,4,5,1720390687.66326
59,1.48671157273173,-110.524982687636,-132.524021435705,-132.541535659973,49.3999573332351,11,11,30,136.708600826283,114.181862348703,136.69139895785,9.93300676843193,1.64073452423611,1.10620174685704,3.85833333333333,4,5,1720390698.93443
60,0.134386268646597,-110.527497185932,-132.523603518804,-132.565750767867,49.3936093564323,11.475,11,43,136.73306647243,114.146695241895,136.691014178764,9.93300676843193,1.47478329456658,1.13508164911292,3.85,4,5,1720390709.72698
61,0.134359510364256,-110.54754800039,-132.525682120615,-132.548531662279,49.3504885919046,10.025,11,40,136.715463116557,114.148338131158,136.692847260829,8.05949598903282,1.57416561262888,1.09283133824497,3.71666666666667,4,5,1720390721.54528
62,0.714401899120971,-110.515223377824,-132.525323493037,-132.533198803871,49.4220630084599,10.9666666666667,11,42,136.701636453443,114.156256954347,136.692683075708,8.05949959704469,1.40959849806056,1.06707761038723,3.95,4,5,1720390732.43616
63,0.0739520983291548,-110.580597837655,-132.524402109936,-132.530833779184,49.2750801455153,10.575,11,30,136.698070307237,114.165700097296,136.691860400472,8.05950075053991,1.52251219741044,1.04299213134123,3.86666666666667,4,5,1720390743.39361
64,0.0739520983291548,-110.561261932725,-132.526621285904,-132.531147473485,49.3213204500586,6.30833333333333,6,16,136.69832302752,114.149595789206,136.693949512167,8.05949959704469,2.7794029406813,2.79127150445023,2.95,3,4,1720390750.61959
65,0.256570806576968,-110.571269412461,-132.526645389639,-132.612729379292,49.3156024657319,10.0333333333333,9,24,136.781998755751,114.175443878611,136.693890564736,3.26851128461124,1.21209628333679,1.27930537029187,3.84166666666667,4,5,1720390760.64442
66,0.681719855505662,-110.549686752728,-132.526644259398,-132.608541977684,49.360684855627,10.1083333333333,9,24,136.778609189193,114.179676146197,136.693935337121,3.26851201566509,1.22125058325261,1.27930445446259,3.775,4,5,1720390770.96163
67,0.10800622647869,-110.553514590365,-132.532681061385,-132.759375092058,49.4089077323156,23.8,23,85,136.934502016919,114.168622322385,136.69995465812,8.974175706746,0.915926887550254,0.392114673216352,4.73333333333333,5,6,1720390812.51339
68,0.551691068965514,-110.552562059644,-132.524438350351,-132.575881624547,49.338388940341,10.4916666666667,11,29,136.743940325022,114.153879373086,136.69175562943,8.05948435589028,1.22182485994867,1.05140125073168,3.825,4,5,1720390822.69848
69,0.551691068965514,-110.579053586832,-132.548740816246,-132.84891927558,49.4072958643367,26.525,19,123,137.023606851448,114.207968759748,136.715530286558,2.87261505166546,0.452285044502557,0.442387894285872,4.76666666666667,5,6,1720390868.46499
70,1.04402238815536,-110.555188119483,-132.526952729157,-132.536950871342,49.3370396580319,10.7916666666667,10,21,136.705205285002,114.197534836225,136.694222833284,6.34538047311475,1.36206436532537,1.17591058695922,4.70833333333333,5,6,1720390878.77669
71,0.970841658125307,-110.517786242433,-132.526943123137,-132.534785254893,49.4205753737313,11.3916666666667,10,32,136.702924858548,114.206795261343,136.694212917111,6.34538047311475,1.30881566340259,1.15387064873812,4.70833333333333,5,6,1720390890.06221
72,0.970841658125307,-110.5473752329,-132.52703204574,-132.527841122266,49.35459086879,8.55833333333333,8,31,136.694832632762,114.18629754098,136.694316642422,6.34538044752176,1.72178058014261,1.77012803310305,3.80833333333333,4,6,1720390897.6931
73,-0.326312923649675,-110.604632354898,-132.526105843214,-132.545808709556,49.2211625500082,24.1833333333333,21,85,136.712073889177,114.173266424772,136.693451337335,9.32947444216573,0.964148170455269,0.661954631394423,5.60833333333333,6,7,1720390925.81196
74,0.260254763918652,-110.546809010632,-132.526324455224,-132.538991311672,49.3533960691715,22.125,20,50,136.709097951468,114.143575782872,136.693962398959,9.32947485359855,1.17086611981691,0.700192382273806,5.51666666666667,6,7,1720390948.47777
75,0.323127222884517,-110.595707290002,-132.525771902259,-132.532929846959,49.2423720103346,17.7416666666667,18,47,136.700844872801,114.208802524136,136.693067920072,15.9393640818523,1.5954011208167,0.948081737429159,6.36666666666667,7,8,1720390965.36389
76,1.27957999089453,-110.541080719452,-132.524292787489,-132.560632870331,49.3631173143863,24.225,21,99,136.728202952665,114.173693783806,136.691603296126,2.95459609232602,0.788663925317931,0.710512252439057,5.55833333333333,6,7,1720391001.74724
77,0.225939730974496,-110.530140241881,-132.523441668812,-132.554932136383,49.3834665059535,25.1833333333333,21,126,136.722499299899,114.141068422017,136.69082816831,9.28805634670068,0.90337069417027,0.620123273708209,5.55,6,7,1720391036.9543
78,1.33018366536336,-110.535361090098,-132.523267924482,-132.539066651656,49.3707731032103,25.7333333333333,23,87,136.706141159137,114.185420464209,136.69027363246,9.2880529325153,0.987377143731926,0.584381386573024,5.48333333333333,6,7,1720391067.07507
79,1.33018366536336,-110.561200510967,-132.523442441751,-132.547921705782,49.3139866264548,27.325,24,88,136.714946017527,114.18349500538,136.69059714642,9.2880529325153,0.752436031463227,0.544820334010027,5.65833333333333,6,7,1720391095.42338
80,1.34038922663496,-110.458653797591,-132.523562369221,-132.527202647434,49.5360711882882,23.4416666666667,22.5,91,136.694415359465,114.19626440631,136.690848728736,8.05948511333046,0.610434841409453,0.482673310065672,5.625,6,7,1720391120.24306
81,1.16723049205872,-110.485779441541,-132.523767418032,-132.528871878914,49.482185151033,24.075,23,51,136.696075395882,114.196152351485,136.69095512208,8.05948511333046,0.775719845255931,0.465159999725545,5.66666666666667,6,7,1720391144.21369
82,1.4645654343954,-110.534756550132,-132.52276992217,-132.527425015753,49.3656550051374,23.95,20,89,136.694736760229,114.211679430901,136.690082893855,9.28805700567081,0.921966606570564,0.611543885888881,5.425,6,7,1720391175.34277
83,1.1260332456911,-110.479655763231,-132.523932167718,-132.539067367202,49.4908623725335,24.85,24,91,136.706581735163,114.169989854458,136.691354978594,8.05948654718534,0.866074680476726,0.449064150828214,5.34166666666667,6,7,1720391208.17622
84,0.327619628542262,-110.530988964109,-132.519773896041,-132.79697321527,49.3266994042553,14.5416666666667,12,55,136.957697544879,114.125157322492,136.687089142029,4.71398077077168,1.23335532745788,1.07089546659696,5,5,5,1720391286.56944
85,1.37258018207128,-110.51360276596,-132.524887251979,-132.546363154598,49.4244351604084,18.0083333333333,19,48,136.709329982196,114.157411989065,136.692209145707,8.059483892302,1.02090692846626,0.614279062308389,4.69166666666667,5,6,1720391304.28038
86,0.890776153095451,-110.563705535911,-132.526277960812,-132.644733861956,49.3145978586131,15.2833333333333,13,95,136.805584256934,114.170396539116,136.693060885295,11.6467188081189,1.15271875973474,0.771658665664481,4.7,5,6,1720391327.34957
87,1.76182193580765,-110.511526005519,-132.518632548975,-132.531118925306,49.4159437852526,30.9916666666667,30.5,91,136.697994993659,114.16929218027,136.686564777192,3.02731891159424,0.448578228678637,0.272201989328092,4.70833333333333,5,6,1720391391.65888
88,1.00664677040655,-110.530384213742,-132.524966256353,-132.568278783382,49.3704980065848,15.5583333333333,14,47,136.732605393764,114.154369691593,136.692102905575,11.7090575999795,1.37781850240969,0.762709316116607,4.56666666666667,5,6,1720391408.0298
89,1.00664677040655,-110.559408000244,-132.523125662218,-132.545025228166,49.3209338937897,21.2583333333333,15,121,136.713663364645,114.148823288094,136.690658403536,2.87265976516022,0.572631351177211,0.628040095038954,3.93333333333333,4,5,1720391455.55416
90,3.06275164115743,-111.44999349328,-132.526784432979,-132.553109915403,48.5333658762811,16.225,13.5,96,136.719091703794,115.204616749534,136.693701946195,11.7090559669241,1.40742342838658,0.770559147177935,4.525,5,6,1720391479.91613
91,0.910578377386539,-110.541255703759,-132.526890724765,-132.541894210382,49.3583465819712,18.6166666666667,14,122,136.709672956432,114.144429126998,136.693892036837,11.7090576113252,0.938547648638976,0.722548084320594,4.84166666666667,5,6,1720391512.1999
92,0.7540905500505,-110.512206579769,-132.523241304089,-132.612404875546,49.3897173916072,15.05,13,125,136.771954862672,114.142893259724,136.69040823193,7.63918817411915,1.35877526453172,1.14613091872906,5.00833333333333,5,6,1720392210.34501
93,1.08825977062144,-110.489883666243,-132.52256466872,-132.570951416896,49.4686750166805,54.0583333333333,44,134,136.733709954259,114.163785907132,136.689900519468,7.10040967770778,0.641654622929648,0.314224915328316,5.46666666666667,6,7,1720392357.11323
94,1.03071518759873,-110.547429325869,-132.524983043435,-132.586084738443,49.3533679864731,52.5833333333333,46.5,148,136.752716448624,114.162978763793,136.691730166281,7.10040199001683,0.373741157457878,0.288542810678719,5.64166666666667,6,7,1720392495.43855
95,1.7102150137464,-110.501641487816,-132.525259837581,-132.641364478317,49.4537415814105,55.6083333333333,49,156,136.802905786993,114.183318598969,136.691427523137,7.10040949531261,0.542628286605636,0.250728033042119,5.425,6,7,1720392652.17698
96,0.600397705371583,-110.522496455943,-132.524519195033,-132.556351227721,49.3987943099644,57.8,48.5,136,136.723064855394,114.136620407197,136.691136833857,7.10039957630803,0.437056117073391,0.252897169036629,5.59166666666667,6,7,1720392801.11624
97,0.946086005579756,-110.511440916521,-132.520044687447,-132.575915768405,49.4196503993793,60.9416666666667,48,140,136.73865522323,114.157998047363,136.685771859108,7.1004073980204,0.371223753550072,0.222282402731767,5.60833333333333,6,7,1720392951.79661
98,0.90602244172808,-110.509826943011,-132.526912629305,-132.591426727199,49.4385458992882,64.0333333333333,67,178,136.757035720281,114.169118551999,136.694146076943,5.10975859682265,0.388057933912415,0.14463229902095,5.53333333333333,6,7,1720393114.56156
99,0.708860215544646,-110.518944996953,-132.524933019719,-132.618458778063,49.4013443173917,58.3166666666667,64,167,136.781684602838,114.165020309378,136.691878146752,33.6867074719978,1.47046968633561,0.247803371101422,6.20833333333333,7,8,1720393265.62849
