Iteration,Best Fitness,Average Fitness,Median Fitness,Worst Fitness,Fitness Diversity,Average Links,Median Links,Max Links,Best Distance,Average Distance,Median Distance,Best Energy Efficiency,Average Energy Efficiency,Median Energy Efficiency,Average Gene Count,Median Gene Count,Max Gene Count,Timestamp
0,0.6239752837354232,-110.48452040942796,-132.52304077415397,-132.76282191418233,49.440443525095574,14.533333333333333,13.0,42,136.93143150300048,114.11588514961146,136.69024274144132,7.435679365586281,1.210733311078923,0.9980008487501795,5,5.0,5,1720362655.458754
1,0.28857557066928585,-110.5557437698451,-132.52578585772713,-132.529728997027,49.325098504050224,29.516666666666666,22.0,121,136.6960298201111,114.16959661965777,136.6927146459383,6.949940078182721,0.6741832569534315,0.5724091978182604,4.516666666666667,5.0,6,1720362747.7430787
2,1.4408398795113981,-110.51152878157875,-132.5195650873056,-132.78992139876402,49.44956596529824,15.366666666666667,14.0,46,136.95093793648385,114.19143270596179,136.68577651579224,10.60087987063452,1.5437820245183713,1.092958858936596,4.35,5.0,6,1720362765.1120415
3,1.1482608676819335,-110.50692381054183,-132.52515946713316,-132.52706389847563,49.43928963219216,21.2,16.0,42,136.69435019107567,114.15514132716612,136.69246133014144,19.69220402868636,1.0909258992532627,0.7840833631628075,3.558333333333333,4.0,5,1720362788.8815806
4,1.0590036542055592,-110.47755156752508,-132.52366899916964,-132.52739542794052,49.50439298506001,6.633333333333334,7.0,19,136.69528940041434,114.20289798744078,136.69291260824022,10.600881189954269,4.114461809809388,3.5335771897686667,2.8,3.0,4,1720362797.0058818
5,1.1482608676819335,-110.47839659203557,-132.52578288555526,-132.5282962710714,49.5035587303511,6.25,7.0,16,136.6978614048741,114.20905419717447,136.69397167329822,10.60088147368308,3.8791350439511723,3.5335908464232406,2.75,3.0,4,1720362805.0884252
6,1.1482608676819335,-110.5293195607298,-132.52594062402562,-132.52732164781992,49.38958181547248,5.925,7.0,13,136.69529009190092,114.19499076458636,136.6939937589537,10.600881489064523,4.82141553451297,3.533636216082741,2.683333333333333,3.0,4,1720362812.8473408
7,1.1482608676819335,-110.51528564290648,-132.52529071760645,-132.52828159570052,49.42230105571764,6.158333333333333,7.0,19,136.69611079395233,114.20001004442683,136.69375127165284,10.600881175500257,4.086463468429613,3.5335875681247795,2.691666666666667,3.0,4,1720362821.0484798
8,1.1482608676819335,-110.45976991963313,-132.52440467374544,-132.52993164141614,49.54557536229048,6.75,7.0,22,136.69639754128423,114.24417977294283,136.69309164919656,10.600880393094,3.8400393725274253,3.5335297084879365,2.808333333333333,3.0,4,1720362829.3459926
9,1.1482608676819335,-110.53841932083381,-132.5252239035326,-132.52730876952532,49.36844694921893,6.316666666666666,7.0,16,136.69570051241888,114.17246559836244,136.69348325994605,10.60088147368308,4.008026912373842,3.5335901400253587,2.808333333333333,3.0,4,1720362836.9968255
10,1.352777476878289,-110.53387034429032,-132.52583661856846,-132.52812792609595,49.38115135886042,6.083333333333333,7.0,28,136.69584855890088,114.20237697296594,136.69397299372739,10.60088147368308,4.3416328595096525,3.5335908649848213,2.691666666666667,3.0,4,1720362845.3723643
11,1.352777476878289,-110.51601573826824,-132.52445980740376,-132.52735392189183,49.41898821724597,6.683333333333334,7.0,28,136.69570051241888,114.18687552307391,136.69308658834353,10.60088147368308,3.895743702510043,3.533572348708428,2.783333333333333,3.0,4,1720362853.7160847
12,1.352777476878289,-110.49965263736665,-132.52556064647857,-132.52744089621874,49.4570220649603,5.95,7.0,19,136.6953322851589,114.1814475646964,136.6935144226928,10.600881150286975,3.5976014754156607,2.807761888744446,2.691666666666667,3.0,4,1720362861.5350015
13,1.050088777835836,-110.49920747224603,-132.52602894779375,-132.5570513158026,49.457953525949826,6.25,7.0,19,136.72069932538957,114.16523799973766,136.69405864910874,10.60087987063452,3.412036015146941,2.807756482375441,2.775,3.0,4,1720362869.472761
14,1.391960483089485,-110.45895656662641,-132.5256361874742,-132.52786009121667,49.54574913776496,5.941666666666666,7.0,13,136.6955999847364,114.20529368507864,136.69387703928936,10.60087987063452,3.5473708219293423,2.807576784509945,2.691666666666667,3.0,4,1720362877.3301153
15,0.8623922504036894,-110.51869493815049,-132.52529974969946,-132.52776170394878,49.41379940355016,6.15,7.0,22,136.69536088800444,114.17974074979223,136.69344839858144,10.60087987063452,3.6659853425247895,2.8077539470312773,2.675,3.0,4,1720362885.2522295
16,1.391960483089485,-110.4995714798281,-132.52595744435192,-132.5280604153012,49.45788787885539,6.466666666666667,7.0,22,136.69737319673345,114.19971002109395,136.69396860673896,10.600881138096554,3.4913673907177367,2.807768661612715,2.725,3.0,4,1720362893.3064528
17,1.391960483089485,-110.47602158424716,-132.52531454333266,-132.52833264489138,49.504598023143195,6.333333333333333,7.0,19,136.69609875889506,114.19554978604718,136.69346455423408,12.208209566041024,3.504046984796317,2.807723868008538,2.7416666666666667,3.0,4,1720362900.858895
18,1.391960483089485,-110.4438015376333,-132.5256750504842,-132.5315915685042,49.58226469286789,6.275,7.0,21,136.70098929070957,114.24206883160083,136.69353154726613,10.60088147368308,3.443781032917217,2.807718819271001,2.7416666666666667,3.0,4,1720362909.516839
19,1.554974886309932,-110.44652780977776,-132.525845843822,-132.52768958693588,49.57631618495487,6.133333333333334,7.0,13,136.69644947296229,114.20851699913466,136.69364973045572,10.60088188957923,3.3737483006651514,2.8077106843015285,2.6666666666666665,3.0,4,1720362917.4324288
20,1.7048481505412314,-110.46187783092806,-132.52496520548968,-132.52743717017313,49.53620186349927,6.833333333333333,7.0,15,136.69605806680119,114.21553932315142,136.6934104947439,10.600833709791617,2.8184566384349283,2.5462954851258166,2.85,3.0,4,1720362925.3000662
21,1.554974886309932,-110.49470064338594,-132.52626347760747,-132.53695214661735,49.466933163799396,6.491666666666666,7.0,19,136.70381770748702,114.1895050005109,136.694125243386,10.600881138096554,3.69533844492732,2.8077137550446993,2.7333333333333334,3.0,4,1720362933.6174767
22,1.554974886309932,-110.41560674679945,-132.41031905615955,-132.62991258807176,49.22965917301582,8.641666666666667,8.5,25,136.79468182678232,114.11524881749109,136.5822275500868,7.100863211512721,1.703691975763497,1.4378390013582023,3.658333333333333,4.0,5,1720362942.8145874
23,1.5621336117528608,-110.47169154262735,-132.52628563918472,-132.53172861397042,49.519857945409704,6.283333333333333,7.0,19,136.70051762217042,114.20083863573609,136.69409802097175,10.600881854682726,3.428922325637791,2.807763487956632,2.7083333333333335,3.0,4,1720362951.537638
24,1.5621336117528608,-110.43927700603278,-132.52609593478877,-132.52734312691285,49.58877194429361,6.1,7.0,19,136.6952348349824,114.20627546553442,136.69407622517298,10.60088184127676,3.6508212254383565,2.8077633617567233,2.6666666666666665,3.0,4,1720362959.5199535
25,1.5621336117528608,-110.55136189476296,-132.52565926791027,-132.52736488248726,49.338624844425155,6.175,7.0,15,136.69544590139049,114.20406061362588,136.69378528024788,7.638850699891443,3.0713830482281383,2.546249800589134,2.7416666666666667,3.0,4,1720362967.0319133
26,1.5621336117528608,-110.49189103231453,-132.52667419281948,-132.52970250605676,49.46916600105059,6.758333333333334,7.0,28,136.6983835748487,114.19369978841965,136.69419392413394,7.638851075939168,3.129865708610707,2.5462168064111563,2.775,3.0,4,1720362975.6381054
27,0.8699826208192885,-110.50296288994475,-132.52617723503823,-132.52904793147806,49.44224966477574,6.958333333333333,7.0,22,136.69629508711657,114.1833869831793,136.6940751230456,7.638850699891443,3.067379887071568,2.546202799598853,2.841666666666667,3.0,4,1720362984.1138804
28,1.5621336117528608,-110.4926045054192,-132.52472805815103,-132.5273562382178,49.47171770454515,6.341666666666667,7.0,19,136.69642251262806,114.20325011083015,136.69333376636268,7.638850640949265,3.0236182536486615,2.546254252399169,2.7416666666666667,3.0,4,1720362991.9322393
29,1.5621336117528608,-110.51247368276005,-132.52605348359026,-132.5286899431411,49.41156159661259,6.266666666666667,7.0,28,136.69634844997879,114.1644888399303,136.6939347647265,19.02953843708904,3.0102548925358,2.545902942968799,2.725,3.0,4,1720363000.2061608
30,1.5376324656436609,-110.45546295727152,-132.5257747258304,-132.5273562382178,49.55002494570742,6.516666666666667,7.0,22,136.69523724443715,114.20732439224174,136.69406262678802,7.638850640949265,3.1097389096038923,2.543536735734979,2.816666666666667,3.0,4,1720363008.1858706
31,1.5621336117528608,-110.50346708470337,-132.52624671691194,-132.528588434658,49.446648275654454,6.416666666666667,7.0,22,136.6966061804211,114.22151051176664,136.69405850487135,24.402097962584303,3.2913858238563694,2.5462388597306362,2.725,3.0,4,1720363016.570258
32,1.5621336117528608,-110.49113455365631,-132.52644820601,-132.5273634885392,49.474706413145434,6.525,7.0,22,136.6960949075905,114.18709445472247,136.69406167143995,7.638850692055535,2.724476376167861,2.3292991653682327,2.7083333333333335,3.0,4,1720363024.8593385
33,1.5621336117528608,-110.455171871994,-132.52610174516457,-132.53050310913068,49.552281449748236,6.133333333333334,7.0,19,136.69875490439478,114.23264577922782,136.69404695961111,7.638850010261917,3.007430838815865,2.5462435187112535,2.7,3.0,4,1720363032.5048072
34,1.4469316770237677,-110.52497916442192,-132.52613107503808,-132.52769794442028,49.39268627655854,6.633333333333334,7.0,19,136.69605806680119,114.19402412621828,136.69406598977278,7.638850679613929,2.975609324743822,2.546254252399169,2.8,3.0,4,1720363040.4341245
35,1.5621336117528608,-110.45495813159222,-132.52581557832346,-132.5280672014365,49.548839726421704,6.05,7.0,13,136.69621305833365,114.19693426181722,136.69402318396533,7.638850699891443,2.9675335882145855,2.5462185951346292,2.7,3.0,4,1720363048.3392518
36,1.5621336117528608,-110.52308212613156,-132.52536001577838,-132.52810099034022,49.40074614171127,6.908333333333333,7.0,22,136.69496839894995,114.2028778061012,136.6934366701893,7.638851075939168,2.8093190580711793,2.5460755206670127,2.85,3.0,4,1720363056.0069253
37,1.5621336117528608,-110.49066109667119,-132.5261939796292,-132.52754527219432,49.476080594146374,5.975,7.0,15,136.6957029759336,114.20679676437724,136.69412464643705,7.638851189182498,3.2980384931581215,2.5462744431154096,2.7083333333333335,3.0,4,1720363063.4483268
38,1.5621336117528608,-110.43406781105728,-132.52623853684298,-132.52738726655267,49.60443111462133,6.408333333333333,7.0,16,136.69605806680119,114.2125026289433,136.69412099827946,7.638851189182498,3.174312922860302,2.546254252399169,2.725,3.0,4,1720363071.6931188
39,1.5621336117528608,-110.5132554449027,-132.52618573131917,-132.5278660383326,49.41846162926864,6.241666666666666,7.0,13,136.69560608942058,114.22037281234424,136.69406685402333,7.638850699891443,3.159868185382889,2.546254252399169,2.691666666666667,3.0,4,1720363079.5356283
40,1.5621336117528608,-110.45484292971882,-132.52492894205577,-132.5280672014365,49.54802034652293,6.691666666666666,7.0,19,136.69585387897084,114.23340501708294,136.69340510845223,7.638850699891443,2.86592990164104,2.545957065986627,2.825,3.0,4,1720363088.0002015
41,1.8068907966145311,-110.51127702284498,-132.52458277325502,-132.53161599246812,49.41777157728347,6.525,7.0,19,136.69987658761661,114.1854298952119,136.69275106262114,7.638850640949265,2.7392855963970586,2.5462005634687412,2.7666666666666666,3.0,4,1720363096.0633621
42,1.621323053842259,-110.47048743398392,-132.5260054869159,-132.52815021431633,49.51690527262315,6.116666666666666,7.0,13,136.69586898879646,114.21162064769081,136.6940463234555,7.638851197460577,3.319411091899572,2.5462441984566455,2.7083333333333335,3.0,4,1720363104.129449
43,1.621323053842259,-110.46191408588525,-132.52570166085013,-132.52922373395901,49.53288564058151,6.491666666666666,7.0,22,136.69743518220648,114.20165233946061,136.6935827610421,7.638850640949265,3.14776094684221,2.5462377342937885,2.75,3.0,4,1720363112.4350998
44,1.621323053842259,-110.47852006331371,-132.51551702120472,-132.52787196397753,49.39179152090537,6.266666666666667,7.0,15,136.69555790530137,114.18777162903459,136.6831834246923,7.638850885818207,3.0149930898683692,2.5437670660129745,2.825,3.0,4,1720363119.5250196
45,1.621323053842259,-110.51154474186428,-132.48360002359462,-132.52757640830205,49.30407221082932,6.083333333333333,7.0,15,136.69561961491058,114.14323521147287,136.65071163240447,7.638851203405903,2.882531422226429,2.5433057666289356,2.783333333333333,3.0,4,1720363126.9890442
46,1.621323053842259,-110.43028918591455,-132.5243560118415,-132.52746378151355,49.51124883823927,5.7,7.0,15,136.695251758153,114.17201138129681,136.6925123499902,233.34695644773598,5.1137992367051,2.543581398475683,2.658333333333333,3.0,4,1720363134.2431304
47,1.9484703601986415,-110.3831468635796,-132.46444654508016,-132.5287709477463,49.592384253984335,5.916666666666667,7.0,11,136.69690635318156,114.16919060750814,136.6313201555165,7.638850952740145,3.144929020398988,2.543892868574138,2.7333333333333334,3.0,4,1720363141.3448472
48,1.9484703601986415,-110.40503428953075,-132.52433252619076,-132.5347802490136,49.55570284530212,5.841666666666667,7.0,11,136.69886738991863,114.1862233927084,136.69238959605116,7.638850699891443,3.4319472466424137,2.543381422621289,2.7333333333333334,3.0,4,1720363148.7630413
49,1.9454344699495916,-110.42091265646037,-132.52497266994513,-132.52786546671464,49.53430982404331,5.791666666666667,7.0,13,136.69583863594437,114.16533394448754,136.69297479551426,7.638851014381659,3.2656421521718952,2.5433397701452387,2.7083333333333335,3.0,4,1720363155.993914
50,1.4602775242921506,-110.49658383372889,-132.5121203991369,-132.52765770670462,49.34335881232906,6.175,7.0,19,136.69565687683254,114.15939813044038,136.68229102395907,7.638851014381659,2.913545167708538,2.5432722319654832,2.7666666666666666,3.0,4,1720363162.874625
51,1.9454344699495916,-110.39848336947392,-132.5264207712229,-132.5277481233034,49.57192007063504,5.666666666666667,7.0,13,136.69581055281506,114.15543799470815,136.6936577727237,7.6388513649839185,2.9727134199936933,2.326597876478317,2.6333333333333333,3.0,4,1720363169.8366275
52,1.9454344699495916,-110.4343687968969,-132.52581017299508,-132.52754322159657,49.51928163222317,5.833333333333333,7.0,15,136.69556740847494,114.18479119440846,136.69348614316843,22.457732770732527,3.05001682216997,2.1447161741049108,2.725,3.0,4,1720363177.2286453
53,1.9454344699495916,-110.39270749154788,-132.4670907909655,-132.52729545119004,49.56256498898093,6.308333333333334,7.0,19,136.69533626662076,114.15045083048189,136.63430513503306,7.638850952740145,2.7894888312539066,2.326570620091784,2.8,3.0,4,1720363184.27329
54,1.9454344699495916,-110.41021071572771,-132.52450140688276,-132.52716118561239,49.552056692543594,6.166666666666667,7.0,11,136.69525447211535,114.19725622554104,136.6928589572077,7.638850952740145,2.84382308181571,2.326558452674365,2.8,3.0,4,1720363191.1968465
55,1.9454344699495916,-110.45935312038479,-132.52546580238823,-132.52759451212688,49.44377455491946,6.325,7.0,19,136.69535887144943,114.21573397590132,136.69333328722146,7.638851075939168,2.7694212714534716,2.326551259157385,2.7916666666666665,3.0,4,1720363198.2413354
56,2.0183044460092554,-110.36505810136642,-132.51708151254613,-132.5277481233034,49.62323875334804,6.141666666666667,7.0,19,136.69581055281506,114.16132838358524,136.68802217145588,7.638850952740145,2.9859322857556143,2.326570620091784,2.7666666666666666,3.0,4,1720363205.2558513
57,2.0183044460092554,-110.38983271331465,-132.46657469505573,-132.52764804709537,49.571219775542,6.183333333333334,7.0,19,136.69572764396491,114.14264454737163,136.63375486354676,7.638851357444773,3.012341806926978,2.326572867897835,2.7583333333333333,3.0,4,1720363212.4168892
58,1.5795588825600786,-110.43408902710561,-132.45309837169373,-132.53586266598495,49.44474735183511,9.283333333333333,9.0,28,136.6965578382348,114.18061057809712,136.6225305523061,7.638816277721935,1.467928694247009,1.1882931841468038,3.5416666666666665,4.0,5,1720363221.661848
59,1.9944797490642057,-110.43116471925951,-132.45649029422606,-132.5955647869176,49.47609357354434,9.575,10.5,28,136.758452589596,114.15127252563666,136.63207736993735,3.9537200260972813,1.4218852840845855,1.0685715922106604,3.591666666666667,4.0,5,1720363230.7719228
60,1.4213119523861488,-110.43884038750426,-132.43971133184658,-132.90962567866757,49.461312411284474,17.283333333333335,14.0,64,137.06999052862878,114.14435937547341,136.60584227779964,8.29907014956194,1.0980882766290374,0.6733258827475217,4.55,5.0,6,1720363254.1802683
61,1.9944797490642057,-110.45574173021053,-132.4665736063351,-132.52739158941523,49.43444254673058,6.066666666666666,7.0,11,136.6953232938996,114.13509859486679,136.6338479919522,10.524231755755505,2.6468836497394332,2.1464615917527734,2.725,3.0,4,1720363260.7814755
62,1.9944797490642057,-110.42868390022312,-132.4981555886488,-133.00109168808712,49.56119798934736,6.208333333333333,5.0,21,137.1638787537389,114.23902968989381,136.667236095459,8.299071867458345,2.35615849182892,2.4482084355329334,3.675,4.0,5,1720363268.5280023
63,0.30758696907076216,-110.523660121346,-132.51206748219505,-132.67860415914274,49.29996853709345,15.391666666666667,13.0,43,136.84162470186388,114.13402239238467,136.67771790062258,18.32162635622525,1.3085248071660145,0.9287670615981488,4.983333333333333,5.0,5,1720363365.1085484
64,1.7615305624031863,-110.48016691577446,-132.51791650833127,-132.52722555152718,49.38752649341567,6.15,7.0,22,136.6953488143396,114.16668894293468,136.68679188009895,7.638850692055535,2.986577167595812,2.2118679359984648,2.6666666666666665,3.0,5,1720363372.761451
65,1.770548135723692,-110.51984577488945,-132.52194208686367,-132.52717188003734,49.406282493416036,20.425,19.0,85,136.694648497409,114.19803609681914,136.68911882211364,4.108878366599519,0.6961941117892667,0.5308295366805552,4.341666666666667,5.0,6,1720363394.9234684
66,0.9883528087417036,-110.48277451172281,-132.44020243710298,-132.5270638991274,49.30100310147662,15.6,15.0,46,136.6943779744404,114.17355870536203,136.6043945214372,30.197570568388677,1.3953856726596054,0.6191488656421641,3.6,4.0,5,1720363407.5967233
67,0.6114740139278458,-110.4961082671015,-132.52342293462988,-132.5581390092787,49.42449627897646,15.541666666666666,15.0,58,136.73163193001733,114.16325205713731,136.6910477381709,2.9721659740298967,0.534355993830179,0.49552690235944696,4.358333333333333,5.0,6,1720363423.2576811
68,1.3571379502125722,-110.44627898331588,-132.4402389500875,-132.52706389847563,49.36397093773282,17.341666666666665,19.0,58,136.69435019107564,114.19767700033107,136.6035724609994,7.44486415826226,1.040246249584263,0.6191563369309268,3.7083333333333335,4.0,5,1720363440.6374376
69,1.5181313759429083,-110.43847586614203,-132.44387122626767,-132.52706389847563,49.41210225269927,16.3,19.0,57,136.69435019107564,114.19216502486894,136.61056798175022,7.444906654860986,1.3953543222280955,0.6191563369309268,3.6,4.0,5,1720363457.3582044
70,1.6636763617649497,-110.44878234626142,-132.43441506130796,-132.5187888803071,49.34687960940741,15.933333333333334,15.0,40,136.68609577793922,114.11688453820533,136.60048374653616,2.4804592568379404,0.9047780555911504,0.6173901241093245,3.783333333333333,4.0,5,1720363470.3667274
71,1.405248279259769,-110.41999720054957,-132.4087697267413,-132.52706389847563,49.39168810601813,17.125,19.0,63,136.69435019107564,114.13943030350478,136.5705514218676,5.851408469222055,0.9611193207045542,0.5450619001919088,3.675,4.0,5,1720363487.8559153
72,2.112618692677391,-110.4452406787346,-132.4525664770792,-132.52706389847563,49.420430565717865,14.825,15.0,58,136.69435019107564,114.1662300980888,136.61899610069227,5.851423717709311,1.0625416480622774,0.5142397291728628,3.5166666666666666,4.0,5,1720363500.6293607
73,1.8690580344936576,-110.39115357553823,-132.45715296382957,-132.52706389847563,49.58944701344412,6.716666666666667,7.0,22,136.69435019107564,114.24337348471911,136.62582560810074,5.970486263443983,2.059473312170727,1.9494811169290118,2.8833333333333333,3.0,4,1720363508.053547
74,1.8690580344936576,-110.41729090327365,-132.4326097146257,-132.52706389847563,49.43900352111466,14.941666666666666,15.0,58,136.69435019107564,114.17433413551919,136.59829526090738,5.8514405452985745,1.2060370229083186,0.564154164733228,3.5833333333333335,4.0,5,1720363522.8887599
75,1.8690580344936576,-110.4112008258032,-132.45842507222176,-132.52706389847563,49.55489398283348,6.008333333333334,7.0,15,136.69435019107564,114.22592183417028,136.6268271104152,5.970486263443983,2.437213199284531,1.9495296104651063,2.716666666666667,3.0,4,1720363529.3877819
76,1.8690580344936576,-110.44798536947246,-132.45859351871323,-132.52706389847563,49.48231310361196,5.825,7.0,19,136.69435019107564,114.15169057556315,136.6273070023239,5.970501197429907,2.452405601285815,1.9495059616317052,2.658333333333333,3.0,4,1720363535.912983
77,1.8690580344936576,-110.44700334091121,-132.45706312994827,-132.52706389847563,49.47143621521003,6.4,7.0,19,136.69435019107567,114.19007673469353,136.62620409109297,265.93366530124933,4.527263490247241,1.9494603298017004,2.841666666666667,3.0,4,1720363542.452677
78,1.8690580344936576,-110.39275915286689,-132.4597482877727,-132.52719252970866,49.60766316700095,6.325,7.0,19,136.69435019107564,114.25320487653237,136.62842353457648,5.970486263443983,2.3894484359257366,1.9495183382357135,2.7666666666666666,3.0,4,1720363549.402355
79,1.8690580344936576,-110.43178652695576,-132.45959833026194,-132.5271989558174,49.52000839628505,5.8,7.0,10,136.69435019107564,114.19616978298836,136.62749130326446,8.835881431056603,2.4450345040079027,1.9495296104651063,2.7083333333333335,3.0,4,1720363555.5320246
80,1.8690580344936576,-110.41003615899156,-132.45859916528124,-132.52706389847563,49.567043250306625,6.091666666666667,7.0,19,136.69435019107564,114.25276858232068,136.6273070023239,5.970486263443983,2.3165555098085893,1.9495029091018883,2.7666666666666666,3.0,4,1720363562.1002057
81,1.8690580344936576,-110.46196970842936,-132.4600527647204,-132.52706389847563,49.456766938268046,5.566666666666666,7.0,15,136.69435019107564,114.20437635356946,136.6288216243178,5.970498892626408,2.658672108563801,1.9495510193775496,2.6416666666666666,3.0,4,1720363568.4497137
82,1.8690580344936576,-110.45236740812737,-132.45859916528124,-132.52706389847563,49.46215606201517,6.45,7.0,19,136.69435019107564,114.22251353500579,136.6273279659494,5.851441171527461,2.271052682436163,1.9495029091018883,2.8333333333333335,3.0,4,1720363575.274447
83,1.8690580344936576,-110.42429216582526,-132.45865365601026,-132.52706389847563,49.516077549883306,6.416666666666667,7.0,27,136.69435019107564,114.18388279902358,136.6273070023239,5.970486263443983,2.1010573410782007,1.9495029091018883,2.8,3.0,4,1720363581.8648863
84,2.9584033743657105,-110.39218137334166,-132.45721315770058,-132.52706389847563,49.59083385033923,6.366666666666666,7.0,19,136.69435019107564,114.23198847402378,136.6263275883819,5.970486263443983,2.156216187642329,1.9494708433871075,2.783333333333333,3.0,4,1720363588.6220434
85,1.1755346608603885,-110.40231944078286,-132.4586792680418,-132.52706389847563,49.58283929127504,6.141666666666667,7.0,19,136.69435019107564,114.25991244094082,136.62749130326446,5.970587974755065,2.4831582990028567,1.949532240247898,2.775,3.0,4,1720363595.8171365
86,0.8168496372709436,-110.47324949314543,-132.47780861125358,-132.52728245043332,49.45539184878354,5.45,7.0,11,136.69435019107567,114.18089394797535,136.6445864234196,5.9705319681205165,2.5464138954076767,1.9496780169345131,2.625,3.0,4,1720363602.5137365
87,1.1755346608603885,-110.49595146251089,-132.46347153567135,-132.52706389847563,49.369447923236805,6.666666666666667,7.0,19,136.69435019107564,114.23396928234372,136.63235962770187,5.851440681606686,2.2618429880018667,1.9495455607086092,2.8666666666666667,3.0,4,1720363609.6777759
88,1.1755346608603885,-110.53499993766647,-132.4782799426535,-132.52706389847563,49.300828894895055,6.166666666666667,7.0,13,136.69435019107564,114.13472725494573,136.64220518910886,5.85142493762932,2.219547587239606,1.9496709644393924,2.783333333333333,3.0,4,1720363616.7928038
89,1.1755346608603885,-110.48431125538065,-132.46688602809465,-132.52706389847563,49.41121813192363,5.7,7.0,15,136.69435019107564,114.17165531939776,136.63628070869504,5.85143529789417,2.531300439195474,1.949598523962805,2.675,3.0,4,1720363623.0168753
90,1.3691623834754254,-110.47386337432127,-132.46134243514302,-132.52706389847563,49.41878381762412,6.208333333333333,7.0,19,136.69435019107564,114.21023427202115,136.63060881093048,5.851440681606686,2.2899959730498733,1.9495276404856408,2.783333333333333,3.0,4,1720363629.601979
91,1.6530563193564252,-110.44886150171439,-132.4634702743609,-132.52706389847563,49.47707895377174,6.266666666666667,7.0,15,136.69435019107564,114.16720356507533,136.63235962770187,5.85143529789417,2.371261918243895,1.9495505632893388,2.841666666666667,3.0,4,1720363636.564707
92,1.6530563193564252,-110.44551498872873,-132.46361044283495,-132.52706389847563,49.48587542783085,6.383333333333334,7.0,19,136.69435019107564,114.20790087080826,136.63251779812097,9.193178923065478,2.2949142310974424,1.8197224553153577,2.816666666666667,3.0,4,1720363643.0075634
93,1.6530563193564252,-110.44282753913319,-132.46329863632604,-132.52706389847563,49.494378186778505,5.808333333333334,7.0,19,136.69435019107564,114.17513034392566,136.63235962770187,5.851433121066516,2.454694777515846,1.949543770817344,2.6416666666666666,3.0,4,1720363649.205697
94,0.5774617652451774,-110.4994851632379,-132.46329863632604,-132.52706389847563,49.36952226393909,5.941666666666666,7.0,19,136.69435019107564,114.18423706788238,136.63265456926632,5.8514328000673625,2.3515491334898266,1.9495414004588447,2.7,3.0,4,1720363655.731869
95,1.8889745582031932,-110.48490983479454,-132.46329863632604,-132.52706389847563,49.40315619368806,6.083333333333333,7.0,19,136.69435019107564,114.20845400352847,136.63235962770187,5.85142473316526,2.427777690591291,1.9495414004588447,2.716666666666667,3.0,4,1720363662.3992898
96,2.23023663986455,-110.41623086635146,-132.46332459302877,-132.5265976583231,49.555723495474965,6.191666666666666,7.0,15,136.693932207258,114.19322917802853,136.6323865875919,5.851440681606686,2.5138587572924442,1.9495414004588447,2.808333333333333,3.0,4,1720363668.8651364
97,1.9611499378912185,-110.44611903475857,-132.45325027998564,-132.52706389847563,49.467884964570935,6.108333333333333,7.0,13,136.69435019107564,114.22500652355554,136.6226180291826,5.851418931756312,2.3682291386941845,1.9494180195807904,2.7916666666666665,3.0,4,1720363675.3436947
98,1.8889745582031932,-110.50925489345771,-132.47500487313908,-132.52673575032617,49.35827473513681,6.075,7.0,19,136.69388754019667,114.1518896985115,136.63886500472762,5.8514387695491745,2.5910346445518355,1.9496363732856103,2.7583333333333333,3.0,4,1720363681.8021953
99,1.8889745582031932,-110.40057172464368,-132.45445284837865,-132.52706389847563,49.580803620147414,5.983333333333333,7.0,13,136.69435019107564,114.19921482364897,136.62343647603683,5.85143141986512,2.5150703112768755,1.949399421330573,2.7583333333333333,3.0,4,1720363688.5270572
