0,0.055574092951226194,-111.54180778108416,-133.4879857599629,-137.24576069010993,50.096001970166,15.883333333333333,13.0,67,136.7943633205988,114.13472172886969,136.68925733507155,4.928059475052709,1.07896421684364,1.0108996293716346,5,5.0,5,1720306980.3933544
1,0.3046453705366088,-113.45910473930631,-133.6339683300512,-169.02017706086383,51.37484841281284,24.366666666666667,14.0,82,137.24172247334147,114.07655240562323,136.6470028879471,37.64063147884809,3.112500204707429,1.206064825096804,4.433333333333334,5.0,6,1720307003.9794304
2,0.7031869423857673,-111.809273348794,-133.54683017246066,-139.80071451264644,50.293672752842056,8.45,8.0,18,136.69689958768808,114.17001260148538,136.69381670016477,7.502691810024965,1.369164496460511,1.0509643099899253,4.65,5.0,6,1720307008.0395286
3,0.01993644632756643,-4417680.918853525,-134.27112660820404,-132527196.42553952,23990097.287389856,9.966666666666667,9.0,31,137.03012689594323,114.11762117769683,136.6507884283937,136694350.19107568,4556480.013667412,1.8259078275228666,3.533333333333333,4.0,6,1720307012.8274348
4,0.3223591794434323,-4417680.639471201,-133.52461867069283,-132527196.42553952,23990097.339707498,9.05,9.0,16,136.7368753455887,114.15629518494848,136.6851777506903,136694350.19107568,4556479.728894592,1.0392987722192795,4.8,5.0,6,1720307016.7950113
5,0.26374906323785785,-6626466.390543342,-134.63868350749877,-132527196.42553952,29127356.227846857,6.216666666666667,7.0,19,136.7001170384236,114.13700404548712,136.69341106943904,136694350.19107568,6834720.285584086,2.1815299192662794,2.7,3.0,6,1720307020.1942225
6,0.4188742966788634,-111.69387805865114,-133.4127040041514,-139.64890878447756,50.23455231760015,11.283333333333333,11.0,18,136.80850884629282,114.19745754421518,136.69208465166741,7.345791721509921,1.2460171043162864,0.911875618204905,5.5,6.0,7,1720307025.1973462
7,0.4950072973266882,-113.28034579913235,-134.64392504138786,-138.8866065566416,51.034859798266886,6.166666666666667,7.0,15,136.69761229512002,114.1327378800704,136.6933268876814,6.559520614608357,2.905196429779693,2.1840814325540703,2.783333333333333,3.0,6,1720307028.5288663
8,0.6482114174199058,-111.71472929217238,-133.3348983380803,-139.64890816772797,50.19922050511979,11.95,12.0,26,136.74643408689644,114.16743756977567,136.69176064214236,7.345791718509915,1.2452271992192445,0.832080302554205,5.55,6.0,7,1720307034.0240412
9,1.0552926667975984,-111.82519076014026,-133.4860492545805,-139.64890925690392,50.104107488130765,10.416666666666666,10.0,22,136.75033898325458,114.17796271293967,136.69096402236218,7.345791723130451,1.3119814519891126,0.9911597157277756,5.216666666666667,6.0,6,1720307038.4938068
10,-0.23887696967626074,-2208896.8397499016,-133.64617567202714,-132527196.42553952,17109173.017084926,8.9,9.0,21,136.80372915408836,114.19793610842619,136.69434967835258,136694350.19107565,2278241.0507657467,1.1547991652727299,4.333333333333333,5.0,6,1720307043.1174438
11,-0.23887696967626074,-4417680.224627811,-133.50047763137343,-132527196.42553952,23990097.417391423,10.816666666666666,10.0,31,136.7235497229142,114.18686399536553,136.69422840643722,136694350.19107565,4556479.249294175,1.035650863514844,5.283333333333333,5.5,7,1720307047.32369
12,0.04655018291394533,-111.70719537584552,-133.54975618146244,-141.8154541328262,50.044102001448344,11.483333333333333,10.0,27,136.8040206371849,114.17955419110179,136.69611606987297,9.58382655035667,1.1746999550582513,1.0493559106778112,5.466666666666667,6.0,7,1720307052.149743
13,0.04655018291394533,-111.79545458994541,-133.49956318781813,-141.81305809956663,50.20633242121107,10.766666666666667,11.0,25,136.82612953715926,114.15621884688314,136.69386821624434,9.583697285722527,1.3171031782862321,0.996330757584218,5.333333333333333,6.0,7,1720307056.6306295
14,0.57655921306118,-112.02538022280486,-133.61043577033632,-141.81512979973803,50.372660185628355,10.866666666666667,10.0,46,136.7223321422677,114.1875132271846,136.69162016923315,9.58381276708853,1.5747956751973935,1.1364034186971756,5.05,5.0,7,1720307061.8741338
15,0.7804131473165284,-111.46532632427063,-133.34656613626868,-141.81305809956663,50.01803130868086,13.3,11.0,43,136.71852559346584,114.2055037334863,136.6927023258467,9.583697285722527,0.9781895293261248,0.8580378769825381,5.65,6.0,7,1720307068.6768687
16,0.7804131473165284,-2208896.042895284,-133.45805251674108,-132527196.42553952,17109173.121701356,11.35,10.0,29,136.72524541140186,114.19088585207632,136.69089529057345,136694350.19107565,2278240.3094821847,1.0030247799449747,5.2,6.0,7,1720307074.3568795
17,0.7804131473165284,-111.1698073532273,-132.88980796945046,-141.81668797304744,50.09511146512797,26.716666666666665,25.0,82,136.91003692652768,114.14078749113925,136.65823552210236,9.583895828357333,0.764078634832112,0.40957648063676677,5.383333333333334,6.0,7,1720307098.2355335
18,0.7804131473165284,-111.18743170035341,-132.89333108574317,-141.81668797304744,49.96477938649353,27.15,25.0,70,136.71033991722535,114.11739536820554,136.66289433204847,9.583895828357333,0.7263229239918857,0.40407873614849166,5.483333333333333,6.0,7,1720307117.6162763
19,0.260478847719316,-4417679.95450215,-132.90027413579617,-132527196.42553952,23990097.467976082,25.166666666666668,25.0,75,136.8394904671052,114.15656204509462,136.65011454142297,136694350.19107568,4556479.087322345,0.4099545065061989,5.283333333333333,6.0,7,1720307134.9009275
20,0.8366922405852911,-111.25088075349895,-132.89962974812016,-141.81544584611598,50.10758064123288,24.983333333333334,25.0,75,136.8432219688606,114.14426569438172,136.65593213704483,9.58382704855785,0.8358246629665835,0.43188926619365176,5.233333333333333,6.0,7,1720307156.115545
21,0.7978078215253372,-12430.581336507097,-132.87947490170777,-739160.7931468291,95410.65637327037,25.4,25.0,79,136.71281607368545,114.14589970520248,136.65639959046706,1420697.5959841905,23679.133197625157,0.4102951264755238,5.216666666666667,6.0,7,1720307179.6239302
22,0.8836633439546576,-2208895.391215208,-132.80212259159998,-132527196.42553952,17109173.207258243,33.45,30.0,87,136.82310313571864,114.20224190459751,136.65758812561268,136694350.19107565,2278239.6937533044,0.3048758343112656,5.283333333333333,6.0,7,1720307209.0909598
23,1.282693577952837,-111.02159305568367,-132.78254023583344,-137.25609411242277,50.09999611646131,34.86666666666667,33.0,83,136.84554807548167,114.1601484230375,136.6595236618792,4.877749090310901,0.6441874717194687,0.27875828422439464,5.333333333333333,6.0,7,1720307242.1244876
24,1.282693577952837,-110.86311508716038,-132.74533978927897,-136.70207458355077,49.89829884968136,36.65,35.0,70,136.93305235934014,114.17439388024547,136.66172492610656,4.311106533287259,0.4332832182161609,0.24589740547798078,5.466666666666667,6.0,7,1720307270.7944868
25,1.282693577952837,-2208895.3276542067,-132.8053812342742,-132527196.42553952,17109173.215603154,33.25,33.0,70,136.83685696450533,114.15433542368103,136.65576103104848,136694350.19107565,2278239.6569112395,0.30126048950617046,5.316666666666666,6.0,7,1720307294.1127505
26,1.6076781363830972,-111.03790115714247,-132.8382086490023,-137.10295982415974,49.88148758265529,30.383333333333333,31.0,70,136.93790949716617,114.20192875835829,136.67376050009855,4.725682062618968,0.5644397705242247,0.31949441947819557,5.183333333333334,6.0,7,1720307318.3678157
27,1.6076781363830972,-110.95449376239142,-132.77385091710178,-137.1071546333992,49.72837982464219,34.416666666666664,31.0,70,136.92591414686697,114.18411225702938,136.64914385124558,4.725804290767438,0.45445747670671427,0.2779035358843144,5.333333333333333,6.0,7,1720307345.7319467
28,1.6076781363830972,-110.94053229823359,-132.76170588020432,-137.104365205399,49.878086374979716,37.36666666666667,33.0,81,136.8361924736468,114.12522184685577,136.66559740824826,4.725722902955736,0.4756429866423211,0.2315317881399388,5.383333333333334,6.0,7,1720307383.0344853
29,-0.10767609205759697,-111.1089774401336,-132.80548697471556,-137.1104911605192,49.726597226160266,31.883333333333333,28.0,70,136.7339058720142,114.12215363526576,136.6575051714351,4.727669101991127,0.5731299142239283,0.3266319844526395,5.3,6.0,7,1720307406.8746078
30,1.0871495755819034,-111.06124695904613,-132.80069689113492,-137.10998024994154,49.858796276410075,32.9,28.0,87,136.8468152622849,114.17487029001803,136.66707756580124,4.727654255758009,0.574640395101762,0.31021803963617645,5.05,5.0,7,1720307441.4050188
31,1.2045675050347224,-2208895.288645932,-132.82439963188085,-132527196.42553952,17109173.22072465,29.5,27.0,70,136.72264363585285,114.165708318207,136.66886203024234,136694350.19107568,2278239.6411510063,0.32324830661206283,5.083333333333333,5.0,7,1720307463.2763019
32,1.2045675050347224,-15783.94610601887,-133.0047130481946,-940349.0512433375,121383.91643667914,18.333333333333332,21.0,63,136.82315088109533,114.15002703298299,136.69423874194587,1430967.753461151,23850.484665299096,0.497998096897379,3.5166666666666666,4.0,5,1720307474.9252212
33,2.392233708407282,-110.97976868106815,-132.8522912824459,-137.11056855030677,50.22004214661689,25.4,28.0,69,136.7297400186352,114.21356244280926,136.69225240333782,4.727669083555347,0.6233749876334799,0.32298982509200325,4.4,5.0,6,1720307493.5511062
34,1.3140428613829034,-111.06841623505726,-132.8491931608895,-137.11043228585447,50.01687798683811,28.8,31.0,81,136.72427279317753,114.15767233430053,136.69191496224016,4.727667390612188,0.6246721139536725,0.3110420364464437,4.45,5.0,5,1720307516.508457
35,0.7089880944458142,-111.07262367482554,-132.8060122603497,-137.11051255087682,50.03295990423527,32.65,33.5,111,136.7234007577464,114.17716214831583,136.6920909329576,4.727666530335023,0.6273422901186066,0.2742836725563449,4.383333333333334,5.0,6,1720307554.3232722
36,2.4741193307272176,-2208895.272556618,-132.81662832607734,-132527196.42553952,17109173.222837172,31.45,33.0,69,136.7306643830976,114.21159545105732,136.6941872567932,136694350.19107568,2278239.626686703,0.28768545123497713,4.55,5.0,6,1720307580.1078591
37,2.0742025957411574,-110.90592302621376,-132.84380653338837,-137.11030357769087,49.99311026131097,29.95,30.5,64,136.72987174613894,114.19018327373874,136.69391632846276,4.727663526300135,0.4742028858430147,0.31069378559571137,4.733333333333333,5.0,6,1720307601.3994215
38,1.1056488879578799,-111.00466098034724,-132.83359133973144,-136.26917960410458,50.057078111283126,32.93333333333333,29.5,91,136.81486914430022,114.1359756022738,136.69392099371635,3.8600243488329693,0.5761446933233833,0.2842855655913852,4.433333333333334,5.0,6,1720307627.6454418
39,1.450753032728021,-110.89485606980837,-132.84599956502137,-136.26917960410458,49.99694214513061,37.45,39.0,85,137.018766388612,114.21136687179246,136.69222936824758,3.8600243488329693,0.42941358780114425,0.27566014533615585,4.483333333333333,5.0,6,1720307659.6746867
40,1.2968023537320374,-110.86694755288778,-132.82476947720477,-136.2690493609046,49.861917880367244,34.55,33.0,91,136.81477575175,114.17191435458263,136.69278516309538,3.8599696998570843,0.3878280763442988,0.283274568341994,4.533333333333333,5.0,6,1720307691.4481893
41,0.5485858070223976,-111.35163382550229,-133.00830649983413,-137.25601417332058,49.917097574872656,17.583333333333332,15.5,64,136.76039034879372,114.15750451660288,136.6861487762063,4.877745810541406,0.8349544752659137,0.5121625534168841,3.6,4.0,5,1720307701.7356963
42,1.1294827925159427,-2208895.321633884,-132.7948403779809,-132527196.42553952,17109173.216393508,39.583333333333336,41.5,82,136.83556747714704,114.16541367995178,136.68870761780008,136694350.19107565,2278239.606739348,0.2032829609640755,4.5,5.0,6,1720307737.134817
43,0.2566325774316172,-2208897.0336321644,-133.63548122753778,-132527196.42553952,17109172.991630584,8.1,9.0,40,136.7339033151548,114.23209772213174,136.69263135158198,136694350.19107568,2278241.23262444,1.1440250149059326,2.6166666666666667,3.0,4,1720307741.758394
44,1.076007873673141,-2208896.4026865927,-133.53449150322615,-132527196.42553952,17109173.07446609,10.116666666666667,13.0,22,136.8472798880991,114.16664870133536,136.69405869104384,136694350.19107568,2278240.695745904,0.9654575692507672,2.7666666666666666,3.0,4,1720307746.3423722
45,1.1702821450592154,-4434345.113488239,-133.34698796383097,-132527196.42553952,23987323.745030742,9.733333333333333,13.0,31,136.70570914791216,114.16413020259378,136.69399918435008,136694350.19107568,4580229.939371466,0.8462922789830823,2.6333333333333333,3.0,4,1720307750.8775122
46,1.1702821450592154,-2208896.309941054,-133.56075685949892,-132527196.42553952,17109173.08664238,10.25,13.0,40,136.80162419569754,114.21509712497054,136.69230883299753,136694350.19107568,2278240.6066232845,0.9656421185979532,2.7666666666666666,3.0,4,1720307755.690851
47,1.485236611693715,-2225560.3765099207,-133.27953891399045,-132527196.42553952,17107472.046679482,10.566666666666666,13.0,22,136.69785140646172,114.18918276077834,136.6940396818331,136694350.19107568,2301990.492836467,0.7767323615893384,2.783333333333333,3.0,4,1720307760.605137
48,1.485236611693715,-2208895.9501124946,-133.27979549559257,-132527196.42553952,17109173.133883175,11.9,13.0,40,136.71580002910991,114.17434455962946,136.69403591057562,136694350.19107568,2278240.2960032965,0.7767323036422016,2.8333333333333335,3.0,4,1720307767.202255
49,1.485236611693715,-2208895.9095977386,-133.27988606254996,-132527196.42553952,17109173.139202487,11.416666666666666,13.0,40,136.69435019107567,114.18603118462552,136.6941192618197,136694350.19107568,2278240.291459747,0.7767322025856198,2.816666666666667,3.0,4,1720307773.3873065
50,1.485236611693715,-4417680.484390185,-133.28148957227395,-132527196.42553952,23990097.368748225,10.75,13.0,31,136.69505024004346,114.19263707108001,136.69403975626201,136694350.19107568,4556479.553017209,0.778432508866058,2.75,3.0,4,1720307778.797125
51,1.485236611693715,-2208896.0705169067,-133.27991551905896,-132527196.42553952,17109173.118075978,10.066666666666666,13.0,14,136.69435019107567,114.18120900171733,136.6941576709803,136694350.19107568,2278240.45179918,0.7767323520960188,2.7,3.0,4,1720307784.375071
52,1.485236611693715,-111.64222691696295,-133.27988442001362,-137.12726714843603,50.48133314564808,11.25,13.0,40,136.69507161700315,114.19984530497103,136.69411114754797,4.744869156251143,1.2894655575726282,0.7767321706053842,2.783333333333333,3.0,4,1720307791.1580467
53,1.4848935959585179,-2208896.0570624187,-133.29302212996217,-132527196.42553952,17109173.11984217,10.8,13.0,40,136.69680742692168,114.18924616274985,136.69406824469473,136694350.19107568,2278240.411957367,0.7902940300880877,2.7666666666666666,3.0,4,1720307798.058673
54,1.256682440136162,-8835249.33018882,-133.29294703271293,-132527196.42553952,33337039.340366114,9.6,13.0,31,136.69465531881835,114.15745189338071,136.69407365330062,136694350.19107568,9112957.968844017,0.7902937201566796,2.6,3.0,4,1720307802.965497
55,1.4848935959585179,-4417680.159953985,-133.24906218331148,-132527196.42553952,23990097.429502502,10.983333333333333,13.0,15,136.6946462491674,114.15502880177773,136.69410031673112,136694350.19107568,4556479.198114482,0.7449829899129886,2.7666666666666666,3.0,4,1720307809.0243108
56,1.4848935959585179,-111.81450093937481,-133.2798963253754,-136.26927482483055,50.26927181158821,11.866666666666667,13.0,40,136.72033055642848,114.17102562616911,136.69414006508873,3.8600243803270904,1.3553857509701668,0.7767322290459864,2.8,3.0,4,1720307815.5484633
57,1.484719198103034,-2225560.503759141,-133.2491065257236,-132527196.42553952,17107472.029845342,9.966666666666667,13.0,22,136.72022028118442,114.16770179886733,136.69414932028093,136694350.19107568,2301990.575490737,0.7449832637802389,2.6666666666666665,3.0,4,1720307820.1408002
58,1.4848935959585179,-2208895.7771066567,-133.24152638043074,-132527196.42553952,17109173.156596594,11.333333333333334,13.0,31,136.69435019107567,114.17555939775865,136.69405460054492,136694350.19107568,2278240.1355369682,0.7376386764462435,2.8333333333333335,3.0,4,1720307825.8066678
59,0.8239020619047733,-4434344.848347013,-133.23346605728005,-132527196.42553952,23987323.79487484,10.4,13.0,40,136.69442109931262,114.14475718264299,136.69414139060953,136694350.19107568,4580229.7206865465,0.7288413369847518,2.683333333333333,3.0,4,1720307831.7619762
60,1.4848935959585179,-4434344.730763753,-133.2491446434321,-132527196.42553952,23987323.816979233,11.216666666666667,13.0,31,136.6944083628149,114.18950597115378,136.69402768194772,136694350.19107568,4580229.592917222,0.7449834425519952,2.8,3.0,4,1720307837.7986453
61,1.4848935959585179,-6626464.562974949,-133.23346322947805,-132527196.42553952,29127356.650656715,11.5,13.0,40,136.69585851322879,114.16658962630619,136.69407225785125,136694350.19107568,6834718.444760628,0.7288412280788911,2.783333333333333,3.0,4,1720307844.3976996
62,1.4848935959585179,-33440.4762397436,-133.24911428415024,-999867.9541806845,180975.54946821422,10.5,13.0,19,136.69452379660032,114.1584762179169,136.6941185113515,1425014.2222181968,47501.64092027879,0.7449832965067696,2.7666666666666666,3.0,4,1720307850.1903422
63,1.4848935959585179,-111.5613367529874,-133.24911549248282,-135.61516991995205,50.18818697093906,10.95,13.0,22,136.69462222092102,114.1829712654399,136.69411913124873,3.1853949493586895,1.1095735877656592,0.744983319930173,2.8333333333333335,3.0,4,1720307856.4682436
64,0.6497444503016121,-2208896.1339510577,-133.24911968259005,-132527196.42553952,17109173.109746415,10.533333333333333,13.0,22,136.6944083628149,114.19124244131689,136.6941042974256,136694350.19107568,2278240.3180250153,0.7449833284039382,2.75,3.0,4,1720307863.289761
65,0.4087944207014264,-4417680.427088527,-133.24911400016072,-132527196.42553952,23990097.37947831,10.516666666666667,13.0,31,136.71530107281478,114.14027713970232,136.6941551875637,136694350.19107568,4556479.437906842,0.7449832883167304,2.7333333333333334,3.0,4,1720307870.8403513
66,1.2563922090391644,-17687009.838751774,-135.61470012504475,-132527196.42553952,45424241.38802598,3.8833333333333333,4.0,13,136.69435019107567,114.15537344068531,136.69412318150324,136694350.19107568,18259217.780999154,3.185388960255014,1.9166666666666667,2.0,3,1720307874.2217586
67,1.2563922090391644,-13252818.142525438,-133.27745653218923,-132527196.42553952,40093643.655344546,8.666666666666666,13.0,14,136.6960861625643,114.1783366183052,136.69418784968033,136694350.19107568,13669436.326455485,0.7758560011322652,2.466666666666667,3.0,4,1720307880.9917548
68,1.2563922090391644,-16775.869053755716,-133.24904279290948,-999867.9541806845,129067.78092188244,11.533333333333333,13.0,40,136.69448506447836,114.18796525755384,136.69407100180348,1425014.2222181968,23751.22116481494,0.7449829321287443,2.8666666666666667,3.0,4,1720307886.3428104
69,1.2660999535556612,-111.53391281230708,-133.2487604145723,-135.61521336245534,50.16823355484994,11.5,13.0,31,136.71460388415244,114.15492836715752,136.69401734646297,3.1853960303607445,1.0771491067323964,0.7449818881971495,2.8833333333333333,3.0,4,1720307892.7333825
70,1.2660999535556612,-111.353045514481,-133.23551605463945,-135.37110415713946,50.027694345324235,11.966666666666667,13.0,40,136.69527737282476,114.16116425961661,136.6940267581441,2.933213624994613,0.8714136882819424,0.7314846681929454,2.933333333333333,3.0,4,1720307897.9311898
71,1.2660999535556612,-8835249.18431743,-133.24902661066122,-132527196.42553952,33337039.379680596,9.316666666666666,13.0,22,136.69475572445265,114.17407552618933,136.6941219798391,136694350.19107568,9112957.775079796,0.7449829591315327,2.6166666666666667,3.0,4,1720307902.6998096
72,1.2660999535556612,-111.600471814322,-133.24913127430793,-135.61519135482123,50.01749184035161,10.75,13.0,22,136.6986182032737,114.17662896262476,136.69393670827588,3.1853954905109294,1.0791614565376697,0.7449834420117851,2.7666666666666666,3.0,4,1720307908.273628
73,1.2660999535556612,-4417680.359091396,-133.2490655544335,-132527196.42553952,23990097.392211687,10.966666666666667,13.0,40,136.69524825073546,114.1636298636195,136.69407730432278,136694350.19107568,4556479.392715341,0.7449831263433475,2.816666666666667,3.0,4,1720307915.688648
74,1.2660999535556612,-111.32821591072528,-133.24914259587797,-135.61525968200175,50.259744707068364,11.9,13.0,22,136.69476959104023,114.18088714966284,136.69379354366922,3.1853969435949825,0.9370185377991492,0.7449834101557649,2.9166666666666665,3.0,4,1720307921.6325467
75,1.2712693138390407,-111.48447028199303,-133.24914283088435,-135.61525968200175,50.14717865257203,11.45,13.0,31,136.69476095668114,114.17187874920685,136.69407046059393,3.1853969435949825,1.0286205482675819,0.744983451727056,2.85,3.0,4,1720307927.6424012
76,1.2712693138390407,-2225315.702208179,-133.2490808552396,-132527196.42553952,17107489.966567498,9.9,13.0,22,136.69494418850027,114.13750120999119,136.69409022984718,136694350.19107568,2301649.4126524166,0.7449831884021931,2.65,3.0,4,1720307933.9335248
77,0.1856024689587549,-111.70867694500134,-133.10815038813536,-142.38581062328117,50.06326840165986,15.033333333333333,15.0,49,136.69658134524343,114.18434969189703,136.6941933125488,10.16875365283508,1.1836587755532808,0.5993995297325337,3.65,4.0,5,1720307941.4994893
78,1.2805971382712584,-16446.18503692991,-133.12292593245692,-980058.1868250661,126510.28836922873,14.8,15.0,40,136.70309027126123,114.18622630189027,136.69415869923807,1505759.3854116015,25097.462476153763,0.6166095997188563,3.6166666666666667,4.0,5,1720307951.416419
79,1.2805971382712584,-2208897.845812755,-133.1088802699656,-132527196.42553952,17109172.884994745,16.5,15.0,40,136.7043765253098,116.06940433944432,136.6933747492169,136694350.19107565,2278240.2686102255,0.6001672779114529,3.533333333333333,4.0,5,1720307960.5804813
80,1.2805971382712584,-113.53254094103043,-133.15597285177574,-142.16285895727356,48.21936649456018,13.566666666666666,13.0,40,136.70251696581323,115.9179760024187,136.69308667898417,9.938796359991294,1.37679061682867,0.65272239379687,3.55,4.0,5,1720307969.7298048
81,1.2805971382712584,-2208896.5460243532,-133.07976816274495,-132527196.42553952,17109173.055647925,15.3,14.0,43,136.69771801197138,114.16037144949591,136.69407999322294,136694350.19107568,2278240.8565620733,0.5758612670127845,3.5,4.0,5,1720307978.0408468
82,1.2805971382712584,-4434015.043640061,-133.19650483942138,-132527196.42553952,23987371.937393617,14.55,13.0,49,136.6984677015571,114.20381241159463,136.6940554521085,136694350.19107568,4581575.766071827,0.6985318351303229,3.4166666666666665,4.0,5,1720307986.8272367
83,1.4122903877058535,-2208896.004174941,-133.032322993371,-132527196.42553952,17109173.12678575,17.666666666666668,16.0,67,136.70071596115795,114.16925147683034,136.69383535298456,136694350.19107568,2278240.3657757794,0.5225784206052349,3.6666666666666665,4.0,5,1720307996.3952184
84,1.0636263399111405,-2208895.8861841154,-133.093863158853,-132527196.42553952,17109173.14227583,16.733333333333334,15.0,40,136.70100166746028,114.18116814508322,136.69395088399352,136694350.19107568,2278240.1926604635,0.5855388285883395,3.683333333333333,4.0,5,1720308008.6548758
85,2.2345002333544706,-4417680.859732887,-133.1173091111965,-132527196.42553952,23990097.298461363,13.316666666666666,13.0,40,136.69824930783506,114.21897318648902,136.6941765626408,136694350.19107568,4556479.981781526,0.6070950520421803,3.466666666666667,4.0,5,1720308015.483934
86,-0.23362500121029506,-113.5093964478986,-134.01770802216151,-146.3343052543749,50.998201564464914,7.316666666666666,6.0,22,136.71182212938305,114.12493835139277,136.69323368883573,14.24141327309766,3.0605172202278097,1.545048533036245,3.65,4.0,5,1720308019.5625157
87,-0.23362500121029506,-2249364.850118008,-133.47935775296287,-132527196.42553952,17105270.778051432,10.933333333333334,10.0,57,136.69587234002753,114.13967244529901,136.6938729458385,136694350.19107568,2328185.0838241116,0.9819489606956007,3.9833333333333334,4.0,6,1720308027.8835673
88,0.6599667744506197,-4417682.5871219495,-134.8128661758759,-132527196.42553952,23990096.974989228,6,5.0,13,136.8256787354069,114.09892697278774,136.68050120079397,136694350.19107565,4556481.782501192,2.3724558131894735,2.7666666666666666,3.0,4,1720308031.5515587
89,0.13586408800678498,-2208899.9191107075,-135.0160193895607,-132527196.42553952,17109172.61281537,5.816666666666666,5.0,16,136.7261564876998,114.09905141841807,136.681177034859,136694350.19107565,2278244.3523706268,2.600671474119259,2.6666666666666665,3.0,4,1720308035.3002877
90,0.4127713728550094,-2208895.857560976,-133.44741934103257,-132527196.42553952,17109173.146033313,10.433333333333334,10.0,31,136.69452073867177,114.12291046722584,136.69344143660408,136694350.19107565,2278240.129275566,0.9544690607366277,3.6333333333333333,4.0,5,1720308039.7278101
91,0.7565847492980811,-4417681.14459013,-133.6005847475643,-132527196.42553952,23990097.245118264,9.55,13.0,31,136.70763998850893,114.10985153155197,136.6902435901407,136694350.19107565,4556480.236495896,1.1114440059221815,2.8,3.0,4,1720308044.1864715
92,1.0022052899410363,-2208896.8071665084,-134.5361581259446,-132527196.42553952,17109173.021363758,6.8,5.0,40,136.71682138275398,114.12621254686343,136.68479259675485,136694350.19107565,2278241.1794229215,2.086523695097279,2.783333333333333,3.0,4,1720308048.469218
93,0.5015948673480145,-6626465.058806479,-133.57886853053918,-132527196.42553952,29127356.5359455,10.383333333333333,13.0,19,136.69436223328938,114.11672707666847,136.68670563164824,136694350.19107568,6834718.933901302,1.0948322998950144,2.716666666666667,3.0,4,1720308053.3495255
94,0.5015948673480145,-2208897.1414949805,-133.72565849315495,-132527196.42553952,17109172.977470223,8.783333333333333,7.0,22,136.73467934973476,114.21402233453203,136.68660285088845,136694350.19107565,2278241.404709816,1.2436430332232626,2.716666666666667,3.0,4,1720308058.6461523
95,0.5015948673480145,-33140150.202234328,-137.35172742075068,-132527196.42553952,57865410.73934183,3.566666666666667,4.0,13,136.69547695825983,114.14198535227783,136.69419958867817,136694350.19107568,34190241.38680702,4.976816078684967,1.8166666666666667,2.0,3,1720308061.779855
96,0.5015948673480145,-15494804.203911366,-137.34958146752749,-132527196.42553952,42891241.86519817,3.566666666666667,4.0,13,136.69435019107567,114.12320496413656,136.6941247771344,136694350.19107568,16014282.26451449,4.9749535782951,1.8666666666666667,2.0,3,1720308064.7872493
98,0.685986537498993,-111.80035052269803,-133.48248738467538,-138.0833502744929,50.18265013799962,15.766666666666667,12.5,82,136.7749987042752,114.10079094685331,136.6848651803187,5.755710251262865,1.3465705953066376,1.0555862146494133,4.966666666666667,5.0,5,1720308214.7618015
99,0.685986537498993,-8835254.203609716,-136.58054435619036,-132527196.42553952,33337038.026902076,4.4,5.0,19,136.69435019107567,114.14916231132594,136.6941415390171,136694350.19107568,9112962.964702822,4.181107939351374,2.5833333333333335,3.0,4,1720308218.210414
